Buffycoat (BC-D or BC):,HLA,origen,sequence,1,2,9,11,12,14,30,31,33,36,43,48,50,56,59,62,63,69,70,71,77,78,80,83,88,90,91,92,93,98,100,103,111,114,116,117,124,125,126,127,128,130,300,301,304,305,308,309,310,311,313,314,316,317,318,320,321,322,323,327,328,329,330,335,336,337,338,339,340,341,344,345,346,347,348,349,352,353,354,355,356,357,358,359,360,361,363,364,365,366,367,368,369,370,372,374,375,376,377,378,379,380,383,385,386,387,388,389,390,391,392,393,394,395,BC372,BC385,BC387,BC389,BC390,BC391,BC393,BC395,BC392
HLA-A,NA,NA,NA,"0101, 0201",NA,"0301, -","0201, 1101",NA,"0101, 0201","0301, 2402","0101, 6601","0101, -","0205, 0301","0101, 1101","0101, 3301","1101,3101","0201, 1101","0101, 1101","0301, -","0101, 0301","0101, 0301","0101, -","0201, 0301","1101, 3004","0101, 0201","0101, 0201","0101, 0201","0201, 2902","0201, 2402","2402, 6801","0101, 0101","0301, 2402","0101, 6801","0101, 0201","1101, 2402","0201, 6901","0101, 2501","0201, 3001","0101, 2902","0201, 0201","1101, 2402","0201, 1101","0301, 6802","0201, 3101","0201, 0201","0101, 0201","0101, 0301","0101, 3201","0101, 0101","0101, 0201","0201, 0201","0201, 0201","0201, 3101","0101, 0301","0301, 0301","0201, 3101","0101, 3201","0205, 1101","0101, 6801","2402, 6801","0201, 1101","0101, 2402","0201, 0301","0301, 2402","0201, 2501","1101, 6802",0201,"0101, 2402","0201, 0301",0201,"0101, 0201","0101, 6801","0101, 0201","0201, 0205","0101, -","2402, 3101","0201, 3101","0101, -","0301, 1101","0101, 0201","0301, 1102","2402, -","0201, 6601","0201, -","0101, 2402","0201, 0301","0201, 0301","0101, -","0101, 2902","0101, 0201","0301, 2402",NA,"2402, 3201","0301, 2902","0201, 0301","0201, 0301","0201, 3201","0101, 0301","0201, 1101","2402, 2402","0101, 2501","0201, 0201","0201, 2601","0201, 2902","3301, 6801","0201, 0301","0201, 0201","0101, 0101","0301, 2902","0201, 0301","0201, 3101","0101, 0301","0101, 2501","0101, 0201","0101, 0201","0201, 3303","1101, 6801",NA,NA,NA,NA,NA,NA,NA,NA,NA
HLA-B,NA,NA,NA,"0801, 4001",B7-negative,"1501, 3501","3906, 4402",B7-positive,"3501, 4001","1501, 3906","0702, 4102","0801, 4403","4001, 4901","0801, 4001","0801, 4403","3501, 5101","0801, 4001","0801, 3501","0702, 5101","0801, 1404","0801, 3501","0801, -","0702, 4402","3501, 4101","0801, 4402","0801, 5701","4402, 5701","4403, 5201","3501, 5501","3503, 4405","0801, 0801","0702, 3501","0801, 5101","0801, 1501","3501, 4001","1501, 5501","0801, 1801","1302, 4402","0801, 4403","2705, 5101","3501, 4001","1501, 5101","0702, 5301","3701, 4001","2705, 4002","0702, 0801","0705, 3501","4001, 4002","1501, 3701","0801, 2705","1501, 5105","1501, 4402","1517, 4402","0702, 0702","0702, 1501","2705, 4402","0702, 1401","4102, 4901","0801, 4001","1501, 4402","4402, 4403","0702, 0801","2705, 5101","0702, 0801","0702, 3501","1402, 5101","3501, 4001","0801, 4403","1402, 4001","1501, 4001","4001, 4901","0801, 4402","0702, 1302","1801, 5001","0801, 5201","4402, 4901","0801, 5101","0801, 1401","0702, 0801","4001, 4402","0702, 3501","3501, 3502","0702, 0801","0702, 5701","0702, 3701","4001, 5101","0702, -","0702, 0801","0801, 4403","0702, 0801","1402, 3501",NA,"0702, 0801","0801, 4403","0702, 4402","1501, 4501","2705, 4402","0801, 0801","0702, 3501","3906, 4001","0801, 1801","1501, 4402","1302, 4001","0702, 4403","1302, 1402","1501, 1501","4001, 4001","0801, 3701","3501, 4901","1501, 3501","2705, 4402","0702, 0801","0702, 1801","0801, 4403","0801, 2705","1501, 5801","0801, 5201",NA,NA,NA,NA,NA,NA,NA,NA,NA
HLA-C,NA,NA,NA,"0304, 0701",NA,"0304, 0401","0501, 0702",NA,"0304, 0401","0401, 0702","0702, 1701","701,1601","0304, 0701","0304, 0701","0202, 0701","0401, 1502","0304, 0701","0401, 0701","0702, 1502","0701, 0802","0401, 0701","0701, -","0501, 0702","0401, 1701","0501, 0701","0602, 0701","0501, 0602","1202, 1601","0303, 0401","0202, 0401","0701, 0701","0401, 0702","0701, 1402","0304, 0701","0304, 0401","0303, 0304","0701, 1203","0501, 0602","0701, 1601","0202, 1402","0304, 0401","0303, 1502","0401, 0702","0304, 0602","0202, 0202","0701, 0702","0401, 1505","0202, 0304","0303, 0602","0202, 0701","0303, 0401","0501, 0704","0501, 0701","0702, 0702","0304, 0702","0202, 0704","0702, 0802","0701, 1701","0304, 0701","0303, 0704","0501, 1602","0602, 0701","0102, 0202","0701, 0702","0401, 0702","0802, 1502","0304, 0401","0701, 1601","0304, 0802",0304,"0304, 0701","0501, 0701","0602, 0702","0602, 0701","0701, 1202","0701, 1604","0701, 1502","0701, 0802","0701, 0702","0202, 0304","0401, 0702","0401, -","0701, 0702","0602, 0702","0602, 0702","0303, 0304","0702, -","0701, 0702","0701, 1601","0701, 0702","0401, 0802",NA,"0701, 0702","0701, 1601","0501, 0702","0304, 0602","0202, 0502","0701, 0701","0401, 0702","0304, 0702","0701, 1203","0303, 0704","0304, 0602","0702, 1601","0602, 0802","0304, 0304","0304, 0304","0602, 0701","0401, 0701","0304, 0415","0202, 0704","0701, 0702","0702, 1203","0701, 1601","0202, 0701","0302, 0401","0701, 1202",NA,NA,NA,NA,NA,NA,NA,NA,NA
DRB1,NA,NA,NA,"0301, 1302",NA,"0101, 0401","0901, 1501",NA,"0101, 1302","0401, 1601","0301, -","0301, 1101","0701, 1302","1101, 1302","0102, 0301","0408, 1501","0404, 1101","0101, 0301","0408, 1501","0102, 0301","0103, 0301","0301, -","0404, 1301","0101, 1302","1101, -","0301, 1501","0701, 1201","0401, 0701","0103, 0701","0801, 1301","0301, 0301","0101, 1501","0301, 1305","0301, 1301","0101, 1501","0401, 1501","0801, 1501","0101, 0701","0301, 0701","0401, 1601","0101, 0401","1101, 1201","1103, 1302","0301, 0404","1101, 1301","0301, 0701","0101, 1101","0101, 0404","1501, 1501","0301, 1101","1301, 1404","0101, 0401","0901, 1101","1501, 1501","0401, 1501","0401, 1101","0101, 0701","0401, 1303","0101, 0301","1101, 1101","0402, 1501","0103, 0301","0701, 0801","0401, 1501","0101, 1501","0404, 1303","0103, 0404","0301, 0701","0101, 0404","1301, 1302","0701, 0901","0301, 0401","1101, 1601","0701, 1101","0301, 1502","0101, 0401","0301, 1501","0301, 0701","0301, 1501","0701, 1101","0701, 1501","0408, 1104","0301, 0401","1454, 1501","1501, -","0701, 1302","0102, 1501","0301, 1501","0301, 0701","0301, 0401","1303, 1401",NA,"0301, 1501","0301, 0701","0401, 1201","0401, 0414","0103, 1401","0301, 0301","0103, 1501","0404, 08BWPS","0301, 14CENAU","0401, 1101","0401, 1501","0102, 1501","0102, 0701","0401, 0401","0403, 1302","0301, 1501","0101, 0701","0401, 0701","0401, 11XDRV","0301, 1501","0101, 0103","0301, 0701","0301, 0401","0102, 0301","0301, 1502",NA,NA,NA,NA,NA,NA,NA,NA,NA
DQB1,NA,NA,NA,"0201, 0604",NA,"0302, 0501","0303, 0602",NA,"0501, 0604","0302, 0502","0201, -","0201, 0301","0202, 0603","0301, 0604","0201, 0501","0301, 0602","0301, 0302","0201, 0501","0301, 0602","0201, 0501","0201, 0501","0201, -","0302, 0603","0501, 0604","0301, -","0201, 0602","0301, 0303","0202, 0301","0202, 0501","0302, 0603","0201, 0201","0501, 0602","0201, 0301","0201, 0603","0501, 0602","0302, 0603","0402, 0602","0202, 0501","0201, 0202","0302, 0502","0302, 0501","0301, 0301","0301, 0604","0201, 0302","0301, 0603","0201, 0202","0301, 0501","0302, 0501","0602, 0602","0201, 0301","0503, 0603","0301, 0501","0301, 0303","0602, 0602","0302, 0602","0302, 0302","0202, 0501","0301, 0301","0201, 0501","0301, 0301","0302, 0602","0201, 0501","0303, 0402","0301, 0602","0501, 0602","0301, 0302","0302, 0501","0201, 0202","0302, 0501","0603, 0604","0202, 0303","0201, 0301","0301, 0502","0202, 0301","0201, 0601","0302, 0501","0201, 0602","0201, 0202","0201, 0602","0202, 0301","0202, 0602","0301, 0304","0201, 0301","0503, 0602","0602, -","0303, 0604","0501, 0602","0201, 0602","0201, 0202","0201, 0302","0301, 0503",NA,"0201, 0602","0201, 0202","0301, 0302","0301, 0302","0301, 0501","0201, 0201","0501, 0602","0302, 0402","0201, 0503","0301, 0302","0301, 0602","0501, 0602","0202, 0501","0302, 0302","0302, 0604","0201, 0602","0202, 0501","0302, 0303","03DUSXR, 03DUSXR","0201, 0602","0301, 0501","0201, 0202","0201, 0302","0201, 0501","0201, 0601",NA,NA,NA,NA,NA,NA,NA,NA,NA
DPB1,NA,NA,NA,"0301, -",NA,"0301, 0401","0401, -",NA,"0201, 0901","0201, 0901","0101, 0202","0101, 0401","0201, 0401","0201, 0401","0401, -","0301, 1601","0201, 0401","0301, 1001","0401, -","0101, 0401","0401, 0402","0101, -","0101, 0402","0401, 1701","0201, 0401","0401, 0402","0402, 1301","0402, 1101","0301, 1101","0201, 0401","0101, 0101","0401, 0401","0401, 0402","0301, 0402","0402, 0501","0201, 0401","0401, 0401","0401, 0401","0401, 0401","0401, 0402","0201, 0401","0201, 0401","0201, 0401","0301, 0501","0401, 0401","0101, 0401","0402, 0402","0201, 0401","0301, 0501","0101, 0401","1401, 1901","0201, 0401","0201, 1601","0401, 0401","0401, 0401","0402, 0601","0301, 0301","0401, 0402","0101, 1601","0201, 0301","0201, 0301","0201, 0401","0301, 0401","0401, 0401","0401, 0401","0401, 1101","0101, 0301",0402,"0201, 0402","0201, 0402","1501, 1601","0101, 0401",0401,"0301, 0402","0101, 0401","0201, 1001","0301, 0401","0401, 0402","0201, 0401","0201, 0402","0401, -","0201, -","0101, 0401","0201, -","0401, 0402","0201, 0301","0301, 0401","0101, 0201","0101, 0401","0401, 1101","0101, 0401",NA,"0201, 0401","0401, -","0401, -","0301, 0301","126:01, 665:01","0301, 0401","0401, 0401","0201, 0301","04ADCGE, 10BNMST","04:HJMR, 04:BCREN","0401, 0401","0201, 10401","04:HJMR, 04:BCREN","0401, 0401","0301, 0401","0401, 0401","0402, 1701","0402, 1101","04AHPJH, 06BPBHU","0301, 0401","0201, 0401","0401, 0401","0101, 0402","0401, 0402","0101, 0401",NA,NA,NA,NA,NA,NA,NA,NA,NA
NA,NA,NA,NA,NA,NA,NA,NA,NA,NA,NA,NA,NA,NA,NA,NA,NA,NA,NA,NA,NA,NA,NA,NA,NA,NA,NA,NA,NA,NA,NA,NA,NA,NA,NA,NA,NA,NA,NA,NA,NA,NA,NA,NA,NA,NA,NA,NA,NA,NA,NA,NA,NA,NA,NA,NA,NA,NA,NA,NA,NA,NA,NA,NA,NA,NA,NA,NA,NA,NA,NA,NA,NA,NA,NA,NA,NA,NA,NA,NA,NA,NA,NA,NA,NA,NA,NA,NA,NA,NA,NA,NA,NA,NA,NA,NA,NA,NA,NA,NA,NA,NA,NA,NA,NA,NA,NA,NA,NA,NA,NA,NA,NA,NA,NA,NA,NA,NA,NA,NA,NA,NA,NA,NA,NA,NA,NA
HLA-matched Response,NA,NA,NA,NA,NA,NA,NA,NA,NA,NA,NA,NA,NA,NA,NA,NA,NA,NA,NA,NA,NA,NA,NA,NA,NA,NA,NA,NA,NA,NA,NA,NA,NA,NA,NA,NA,NA,NA,NA,NA,NA,NA,NA,NA,NA,NA,NA,NA,NA,NA,NA,NA,NA,NA,NA,NA,NA,NA,NA,NA,NA,NA,NA,NA,NA,NA,NA,NA,NA,NA,NA,NA,NA,NA,NA,NA,NA,NA,NA,NA,NA,NA,NA,NA,NA,NA,NA,NA,NA,NA,NA,NA,NA,NA,NA,NA,NA,NA,NA,NA,NA,NA,NA,NA,NA,NA,NA,NA,NA,NA,NA,NA,NA,NA,NA,NA,NA,NA,NA,NA,NA,NA,NA,NA,NA,NA
Verified,NA,NA,NA,NA,NA,NA,NA,NA,NA,NA,NA,NA,NA,NA,NA,NA,NA,NA,NA,NA,NA,NA,NA,NA,NA,NA,NA,NA,NA,NA,NA,NA,NA,NA,NA,NA,NA,NA,NA,NA,NA,NA,NA,NA,NA,NA,NA,NA,NA,NA,NA,NA,NA,NA,NA,NA,NA,NA,NA,NA,NA,NA,NA,NA,NA,NA,NA,NA,NA,NA,NA,NA,NA,NA,NA,NA,NA,NA,NA,NA,NA,NA,NA,NA,NA,NA,NA,NA,NA,NA,NA,NA,NA,NA,NA,NA,NA,NA,NA,NA,NA,NA,NA,NA,NA,NA,NA,NA,NA,NA,NA,NA,NA,NA,NA,NA,NA,NA,NA,NA,NA,NA,NA,NA,NA,NA
CC = Combicode screened,NA,NA,NA,NA,NA,NA,NA,NA,NA,NA,NA,NA,NA,NA,NA,NA,NA,NA,NA,NA,NA,NA,NA,NA,NA,NA,NA,NA,NA,NA,NA,NA,NA,NA,NA,NA,NA,NA,NA,NA,NA,NA,NA,NA,NA,NA,NA,NA,NA,NA,NA,NA,NA,NA,NA,NA,NA,NA,NA,NA,NA,NA,NA,NA,NA,NA,NA,NA,NA,NA,NA,NA,NA,NA,NA,NA,NA,NA,NA,NA,NA,NA,NA,NA,NA,NA,NA,NA,NA,NA,NA,NA,NA,NA,NA,NA,NA,NA,NA,NA,NA,NA,NA,NA,NA,NA,NA,NA,NA,NA,NA,NA,NA,NA,NA,NA,NA,NA,NA,NA,NA,NA,NA,NA,NA,NA
SD = Single-dex screened,NA,NA,NA,NA,NA,NA,NA,NA,NA,NA,NA,NA,NA,NA,NA,NA,NA,NA,NA,NA,NA,NA,NA,NA,NA,NA,NA,NA,NA,NA,NA,NA,NA,NA,NA,NA,NA,NA,NA,NA,NA,NA,NA,NA,NA,NA,NA,NA,NA,NA,NA,NA,NA,NA,NA,NA,NA,NA,NA,NA,NA,NA,NA,NA,NA,NA,NA,NA,NA,NA,NA,NA,NA,NA,NA,NA,NA,NA,NA,NA,NA,NA,NA,NA,NA,NA,NA,NA,NA,NA,NA,NA,NA,NA,NA,NA,NA,NA,NA,NA,NA,NA,NA,NA,NA,NA,NA,NA,NA,NA,NA,NA,NA,NA,NA,NA,NA,NA,NA,NA,NA,NA,NA,NA,NA,NA
BC = Barcode screened,NA,NA,NA,NA,NA,NA,NA,NA,NA,NA,NA,NA,NA,NA,NA,NA,NA,NA,NA,NA,NA,NA,NA,NA,NA,NA,NA,NA,NA,NA,NA,NA,NA,NA,NA,NA,NA,NA,NA,NA,NA,NA,NA,NA,NA,NA,NA,NA,NA,NA,NA,NA,NA,NA,NA,NA,NA,NA,NA,NA,NA,NA,NA,NA,NA,NA,NA,NA,NA,NA,NA,NA,NA,NA,NA,NA,NA,NA,NA,NA,NA,NA,NA,NA,NA,NA,NA,NA,NA,NA,NA,NA,NA,NA,NA,NA,NA,NA,NA,NA,NA,NA,NA,NA,NA,NA,NA,NA,NA,NA,NA,NA,NA,NA,NA,NA,NA,NA,NA,NA,NA,NA,NA,NA,NA,NA
SE = Scaffold expanded,NA,NA,NA,NA,NA,NA,NA,NA,NA,NA,NA,NA,NA,NA,NA,NA,NA,NA,NA,NA,NA,NA,NA,NA,NA,NA,NA,NA,NA,NA,NA,NA,NA,NA,NA,NA,NA,NA,NA,NA,NA,NA,NA,NA,NA,NA,NA,NA,NA,NA,NA,NA,NA,NA,NA,NA,NA,NA,NA,NA,NA,NA,NA,NA,NA,NA,NA,NA,NA,NA,NA,NA,NA,NA,NA,NA,NA,NA,NA,NA,NA,NA,NA,NA,NA,NA,NA,NA,NA,NA,NA,NA,NA,NA,NA,NA,NA,NA,NA,NA,NA,NA,NA,NA,NA,NA,NA,NA,NA,NA,NA,NA,NA,NA,NA,NA,NA,NA,NA,NA,NA,NA,NA,NA,NA,NA
PS = Peptide stimulation,NA,NA,NA,NA,NA,NA,NA,NA,NA,NA,NA,NA,NA,NA,NA,NA,NA,NA,NA,NA,NA,NA,NA,NA,NA,NA,NA,NA,NA,NA,NA,NA,NA,NA,NA,NA,NA,NA,NA,NA,NA,NA,NA,NA,NA,NA,NA,NA,NA,NA,NA,NA,NA,NA,NA,NA,NA,NA,NA,NA,NA,NA,NA,NA,NA,NA,NA,NA,NA,NA,NA,NA,NA,NA,NA,NA,NA,NA,NA,NA,NA,NA,NA,NA,NA,NA,NA,NA,NA,NA,NA,NA,NA,NA,NA,NA,NA,NA,NA,NA,NA,NA,NA,NA,NA,NA,NA,NA,NA,NA,NA,NA,NA,NA,NA,NA,NA,NA,NA,NA,NA,NA,NA,NA,NA,NA
NA,NA,NA,NA,NA,NA,NA,NA,NA,NA,NA,NA,NA,NA,NA,NA,NA,NA,NA,NA,NA,NA,NA,NA,NA,NA,NA,NA,NA,NA,NA,NA,NA,NA,NA,NA,NA,NA,NA,NA,NA,NA,NA,NA,NA,NA,NA,NA,NA,NA,NA,NA,NA,NA,NA,NA,NA,NA,NA,NA,NA,NA,NA,NA,NA,NA,NA,NA,NA,NA,NA,NA,NA,NA,NA,NA,NA,NA,NA,NA,NA,NA,NA,NA,NA,NA,NA,NA,NA,NA,NA,NA,NA,NA,NA,NA,NA,NA,NA,NA,NA,NA,NA,NA,NA,NA,NA,NA,NA,NA,NA,NA,NA,NA,NA,NA,NA,NA,NA,4.07537973587823,NA,NA,NA,NA,NA,NA,3.54346924659955
Screened by,NA,NA,NA,NA,NA,NA,NA,NA,NA,SATV,SATV,NA,NA,NA,NA,NA,NA,NA,NA,NA,NA,NA,NA,NA,NA,NA,NA,NA,NA,NA,NA,NA,NA,NA,NA,NA,NA,NA,NA,NA,NA,NA,NA,NA,NA,NIPAGH,NA,NA,NA,NA,/NIPAGH,/SATV/NIPAGH,SATV/NIPAGH,NA,NA,NA,NA,NA,NA,NA,NA,NA,NA,NA,NA,KHMOSS,NA,NA,NA,NA,NA,NA,NA,KHMOSS/ULLKHA,KHMOSS,KHMOSS,KHMOSS,KHMOSS,KHMOSS,NA,XXX/SATV,NA,SATV,SATV,SATV,NA,NA,SATV,SATV,XXX/SATV,SATV,XXX/SATV,XXX/SATV,XXX/SATV,XXX/SATV,SATV,SATV,XXX/SATV,XXX/SATV,Not yet screened,Not yet screened,Not yet screened,Not yet screened,Not yet screened,Not yet screened,LFV,LFV,LFV,LFV,LFV,LFV,LFV,LFV,LFV,LFV,LFV,LFV,NA,NA,NA,NA,NA,NA,NA,NA,NA
Verified by,NA,NA,NA,NA,NA,NA,NA,NA,NA,NA,NA,NA,NA,NA,NA,NA,NA,NA,NA,NA,NA,NA,NA,NA,NA,NA,NA,NA,NA,NA,NA,NA,NA,NA,NA,NA,NA,NA,NA,NA,NA,NA,NA,NA,NA,NA,NA,NA,NA,NA,NIPAGH,NA,NIPAGH,NA,NA,NA,NA,NA,NA,NA,NA,NA,NA,NA,MGOR,NA,NA,NA,NA,KHMOSS,NA,NA,NA,NA,NA,NA,NA,NA,NA,NA,SATV,NA,NIPAGH,NA,NA,NA,NA,NA,NA,SATV,NA,NA,SATV,SATV/KHMOSS,SATV,NA,NA,SATV & LFV,"NAPED",Do not use,Do not use,Do not use,Do not use,Do not use,Do not use,NA,NA,NA,NA,NA,NA,NA,NA,NA,NA,NA,NA,NA,NA,NA,NA,NA,NA,NA,NA,NA
NA,NA,NA,NA,NA,NA,NA,NA,NA,NA,NA,NA,NA,NA,NA,NA,NA,NA,NA,NA,NA,NA,NA,NA,NA,NA,NA,NA,NA,NA,NA,NA,NA,NA,NA,NA,NA,NA,NA,NA,NA,NA,NA,NA,NA,NA,NA,NA,NA,NA,NA,NA,NA,NA,NA,NA,NA,NA,NA,NA,NA,NA,NA,NA,NA,NA,NA,NA,NA,NA,NA,NA,NA,NA,NA,NA,NA,NA,NA,NA,NA,NA,NA,NA,NA,NA,Needs re-screen,Needs re-screen,NA,NA,NA,NA,NA,NA,NA,NA,NA,NA,NA,NA,NA,NA,NA,NA,NA,NA,NA,NA,NA,NA,NA,NA,NA,NA,NA,NA,NA,NA,NA,NA,NA,NA,NA,NA,2.602878824521,NA,NA
Peptide #,HLA,origin,Sequence,All reserved,NA,All reserved,All reserved,All reserved,All reserved,NA,NA,NA,NA,NA,NA,NA,All reserved,All reserved,NA,All reserved,All reserved,NA,All reserved,NA,NA,All reserved,All reserved,NA,All reserved,All reserved,All reserved,All reserved,All reserved,NA,NB! Not sterile; All reserved,All reserved,All reserved,All reserved,All reserved,NA,All reserved,All reserved,NA,All reserved,All reserved,All reserved,All reserved,All reserved,All reserved,All reserved,All reserved,NA,All reserved,All reserved,NA,NA,All reserved,NA,All reserved,Not yet typed,All reserved,NA,All reserved,All reserved,All reserved,All reserved,All reserved,All reserved,All reserved,All reserved,All reserved,All reserved,All reserved,All reserved,NA,NA,All reserved,NA,All reserved,NA,All reserved,NA,All reserved,NA,All reserved,All reserved,NA,NA,NA,All reserved,NA,Not yet typed,NA,NA,All reserved,NA,NA,NA,NA,NA,NA,NA,NA,NA,NA,NA,NA,NA,NA,NA,NA,NA,NA,NA,NA,NA,NA,NA,NA,NA,NA,NA,NA,NA,NA,NA
V1,B08:01,FLU NP,ELRSRYWAI,NA,NA,NA,NA,NA,NA,NA,NA,NA,NA,NA,NA,NA,NA,NA,NA,NA,"CC 0,023%","BC 0,26%",NA,NA,"CC 6,4%",NA,NA,NA,NA,NA,BC 0.76%,NA,NA,NA,NA,NA,"BC 0,0016%",NA,NA,NA,NA,NA,NA,NA,NA,NA,NA,NA,NA,NA,NA,NA,NA,NA,NA,NA,NA,NA,NA,NA,NA,NA,NA,"BC 0,05%",NA,NA,NA,NA,NA,NA,NA,"BC 0,05%",NA,NA,NA,NA,NA,NA,NA,NA,NA,NA,NA,NA,NA,NA,NA,NA,NA,NA,NA,NA,CC 0.01%,NA,NA,NA,NA,NA,NA,NA,NA,NA,NA,NA,NA,NA,NA,NA,NA,NA,NA,NA,NA,NA,NA,NA,NA,NA,NA,NA,NA,NA,NA,NA,NA,NA
V2,A03:01,CMV pp150,TTVYPPSSTAK,NA,NA,NA,NA,NA,NA,NA,NA,NA,NA,NA,NA,NA,NA,NA,NA,NA,NA,NA,NA,NA,NA,NA,NA,NA,NA,NA,NA,NA,NA,NA,NA,NA,NA,NA,NA,NA,NA,NA,NA,NA,NA,NA,NA,NA,NA,NA,NA,NA,NA,NA,NA,NA,NA,NA,NA,NA,NA,NA,NA,NA,NA,NA,NA,NA,NA,NA,NA,NA,NA,NA,NA,NA,NA,NA,NA,NA,NA,NA,NA,NA,NA,NA,NA,NA,NA,NA,NA,NA,NA,NA,NA,NA,NA,NA,NA,NA,NA,NA,NA,NA,NA,NA,NA,NA,NA,NA,NA,NA,NA,NA,NA,NA,NA,NA,NA,NA,NA,NA,NA,NA,NA,NA
V3,A02:01,FLU M1 58-66,GILGFVFTL,CC 0.1%,CC 0.02%,NA,"CC 0,1%",NA,NA,NA,NA,NA,NA,NA,NA,NA,NA,NA,NA,NA,NA,NA,NA,NA,NA,NA,"CC 0,017%",NA,BC 9.42 %,NA,NA,NA,NA,NA,NA,"BC 0,02%",NA,NA,NA,"BC 0,03%",NA,NA,NA,NA,NA,BC <1% (Nipagh),NA,NA,NA,NA,SD X%,NA,"CC 0.09%; SD 0,1%",NA,NA,CC 0.04%,NA,NA,NA,NA,BC 0.11%; BC 0.11%,NA,NA,NA,"BC 0,14%",NA,BC 0.05%; BC 0.08%,NA,"BC 0,02% (Low read-count)","BC 0,41%, SE 8.7%","BC 0,24%",NA,"BC 1,28%",NA,NA,NA,NA,NA,NA,NA,NA,NA,CC 0.12%,NA,NA,NA,NA,NA,NA,NA,NA,NA,NA,NA,NA,NA,NA,NA,NA,NA,NA,NA,NA,NA,NA,NA,NA,NA,NA,NA,NA,NA,NA,NA,NA,NA,NA,NA,NA,NA,5.30418832450532,NA,NA,NA,NA,NA
V4,A24:02,EBV EBNA3 114-121,RYSIFFDY,NA,NA,NA,NA,NA,NA,NA,NA,NA,NA,NA,NA,NA,NA,NA,NA,NA,NA,NA,NA,NA,NA,NA,NA,NA,NA,NA,NA,NA,NA,NA,NA,NA,NA,NA,NA,NA,NA,NA,NA,NA,NA,NA,NA,NA,NA,NA,NA,NA,NA,NA,NA,NA,NA,NA,NA,NA,NA,NA,NA,NA,NA,NA,NA,NA,NA,NA,NA,NA,NA,NA,NA,NA,NA,NA,NA,NA,NA,NA,NA,NA,NA,NA,NA,NA,NA,NA,NA,NA,NA,NA,NA,NA,NA,NA,NA,NA,NA,NA,NA,NA,NA,NA,NA,NA,NA,NA,NA,NA,NA,NA,NA,NA,NA,NA,NA,NA,NA,NA,NA,NA,NA,NA
V5,A02:01,EBV LMP2,CLGGLLTMV,NA,NA,NA,NA,NA,NA,NA,NA,NA,NA,NA,NA,NA,NA,NA,NA,NA,NA,NA,NA,NA,NA,NA,NA,NA,NA,NA,NA,NA,NA,NA,NA,"BC 0,13%",NA,"BC 0,09%",NA,"BC 0,05%",NA,NA,NA,NA,NA,"BC 0,414%; CC X%",NA,NA,NA,NA,SD X%,NA,"BC 0,5%; SD 0,5%",NA,NA,NA,NA,NA,NA,NA,NA,NA,"BC 0,02%",NA,NA,NA,"BC 0,04%",NA,BC 0.02%; CC 0.06%,"BC 0,13%",NA,NA,NA,NA,NA,NA,NA,NA,NA,NA,NA,NA,NA,NA,NA,NA,NA,NA,NA,NA,NA,NA,NA,NA,NA,CC 0.04%,NA,NA,NA,NA,NA,NA,NA,NA,NA,NA,NA,NA,NA,NA,NA,NA,NA,NA,NA,NA,NA,NA,NA,NA,NA,NA,NA,NA,NA,NA
V6,A02:01,EBV BMLF1,GLCTLVAML,NA,NA,NA,NA,NA,NA,NA,NA,NA,NA,NA,NA,NA,NA,NA,NA,NA,NA,NA,NA,NA,NA,NA,NA,BC 1.13 %,BC 16.22 %,NA,NA,NA,NA,NA,NA,"BC 0,91%; CC 0,17%",NA,"BC 0,28%",NA,"BC 0,11%",NA,"BC 0,1%",NA,NA,NA,"BC 0,999%",NA,NA,NA,NA,NA,"BC 0,74%",NA,NA,NA,NA,NA,NA,NA,NA,NA,NA,BC 0.39%; CC 0.92%,NA,NA,NA,NA,NA,NA,NA,BC 0.09%; BC 0.1%,NA,NA,NA,NA,NA,NA,NA,NA,NA,NA,NA,NA,NA,NA,NA,NA,NA,NA,NA,NA,NA,NA,NA,"BC 0,45%",NA,NA,NA,NA,NA,NA,NA,NA,NA,NA,NA,NA,NA,NA,NA,NA,NA,NA,NA,NA,NA,NA,NA,NA,NA,NA,NA,NA,NA,NA,NA
V7,A24:02,EBV LMP2 419-427,TYGPVFMCL,NA,NA,NA,NA,NA,NA,NA,NA,NA,NA,NA,NA,NA,NA,NA,NA,NA,NA,NA,NA,NA,NA,NA,NA,NA,NA,NA,NA,NA,NA,NA,NA,NA,NA,NA,NA,NA,NA,NA,NA,NA,NA,NA,NA,NA,NA,NA,NA,NA,NA,NA,NA,NA,NA,NA,NA,NA,NA,NA,NA,NA,NA,NA,NA,NA,NA,NA,NA,NA,NA,NA,NA,NA,NA,NA,NA,NA,NA,NA,NA,NA,NA,NA,NA,NA,NA,NA,NA,NA,NA,NA,NA,NA,NA,NA,NA,NA,NA,NA,NA,NA,NA,NA,NA,NA,NA,NA,NA,NA,NA,NA,NA,NA,NA,NA,NA,NA,NA,NA,NA,NA,NA,NA
V8,A24:02,EBV BRLF1,DYCNVLNKEF,NA,NA,NA,NA,NA,NA,NA,NA,NA,NA,NA,NA,NA,NA,NA,NA,NA,NA,NA,NA,NA,NA,NA,NA,NA,NA,NA,NA,NA,NA,NA,NA,NA,NA,NA,NA,NA,NA,NA,NA,NA,NA,NA,NA,NA,NA,NA,NA,NA,NA,NA,NA,NA,NA,NA,NA,NA,NA,NA,NA,NA,NA,NA,NA,NA,NA,NA,NA,NA,NA,NA,NA,NA,NA,NA,NA,NA,NA,NA,NA,NA,NA,NA,NA,NA,NA,NA,NA,NA,NA,NA,NA,NA,NA,NA,NA,NA,NA,NA,NA,NA,NA,NA,NA,NA,NA,NA,NA,NA,NA,NA,NA,NA,NA,NA,NA,NA,NA,NA,NA,NA,NA,NA
V9,A01:01,CMV pp65,YSEHPTFTSQY,NA,NA,NA,NA,NA,NA,NA,NA,"CC 0,1%",NA,NA,NA,NA,NA,NA,NA,NA,NA,NA,NA,NA,"CC 0,27%",NA,NA,NA,NA,NA,BC 23.74%,NA,NA,NA,NA,NA,NA,NA,NA,NA,NA,NA,NA,NA,NA,"BC 0,666%","BC 3,28%","BC 1,035%; CC 0.65%","BC 1,747%","BC 0,438%",NA,NA,NA,NA,NA,NA,NA,NA,"BC 5,49%; CC 0.4%",NA,NA,BC 4.06%; BC 0.36%,NA,NA,NA,NA,NA,"BC 0,02%",NA,NA,"BC 0,17%","BC 1,99%",NA,NA,"BC 0,02%",NA,NA,BC 0.21%; CC 0.17%; BC 0.45%,NA,BC 0.02; SD 0.13%; CC 0.12%,NA,NA,NA,NA,NA,NA,NA,CC 0.05%,CC 0.12%,NA,NA,NA,NA,NA,NA,NA,NA,CC: 0.04%,NA,NA,NA,NA,NA,NA,NA,NA,NA,NA,NA,NA,NA,NA,NA,CC: 0.036,NA,NA,NA,NA,NA,NA,NA,NA,NA,NA,NA,NA
V10,A02:01,EBV LMP2,FLYALALLL,NA,CC 0.018%,NA,"CC 0,048%",NA,NA,NA,NA,NA,"CC 0,03%",NA,NA,NA,NA,NA,NA,NA,NA,NA,NA,NA,NA,NA,"CC 0,06%",BC 46.9 %,NA,NA,NA,NA,NA,NA,NA,"BC 0,03%",NA,NA,NA,"BC 0,08%",NA,NA,NA,NA,NA,BC <1% (nipagh),NA,NA,NA,NA,NA,NA,SD <0.1%,NA,NA,NA,NA,NA,NA,NA,NA,NA,BC 0.01%; CC 0.03%,NA,NA,NA,NA,NA,CC 0.03%; CC 0.043%,NA,"BC 0,03%",NA,NA,NA,NA,NA,NA,NA,NA,NA,NA,NA,NA,NA,NA,NA,NA,NA,NA,NA,NA,NA,NA,NA,NA,NA,NA,NA,NA,NA,NA,NA,NA,NA,NA,NA,NA,NA,NA,NA,NA,NA,NA,NA,NA,NA,NA,NA,4.06578754704225,NA,NA,NA,NA,NA,NA,2.05275969961847
V11,A03:01,FLU NP 265-273,ILRGSVAHK,NA,NA,CC 0.008%,NA,"CC 0,008%",NA,NA,NA,NA,NA,NA,NA,NA,NA,NA,NA,NA,NA,NA,NA,NA,NA,NA,NA,NA,NA,NA,NA,NA,NA,NA,NA,NA,NA,NA,NA,NA,NA,NA,NA,NA,NA,NA,NA,NA,NA,NA,NA,NA,NA,NA,NA,NA,NA,NA,NA,NA,NA,NA,NA,"BC 0,11%",NA,NA,NA,NA,NA,NA,NA,NA,NA,NA,NA,NA,NA,NA,"BC 0,02%",NA,NA,NA,NA,NA,NA,NA,NA,NA,NA,NA,NA,NA,NA,NA,NA,NA,NA,NA,NA,NA,NA,NA,NA,NA,NA,NA,NA,NA,NA,NA,NA,CC: 0.037%,NA,NA,NA,NA,NA,3.85327690599736,NA,NA,NA,NA,NA,3.70304169334973,2.30580790829063,NA
V12,A24:02,CMV IE1,AYAQKIFKIL,NA,NA,NA,NA,NA,NA,CC 0.03%,NA,NA,NA,NA,NA,NA,NA,NA,NA,NA,NA,NA,NA,NA,NA,NA,NA,NA,NA,NA,NA,NA,NA,NA,"BC 0,43%",NA,NA,NA,NA,NA,NA,NA,NA,NA,NA,NA,NA,NA,NA,NA,NA,NA,NA,NA,NA,NA,NA,NA,NA,NA,NA,NA,NA,NA,NA,NA,NA,NA,NA,NA,NA,NA,NA,NA,NA,NA,NA,NA,NA,NA,NA,NA,NA,NA,NA,NA,NA,NA,NA,NA,NA,NA,NA,NA,NA,NA,NA,NA,NA,NA,NA,NA,NA,NA,NA,NA,NA,NA,NA,NA,NA,NA,NA,NA,NA,NA,NA,NA,NA,2.14488997805776,NA,NA,NA,NA,NA,NA
V13,A02:01,CMV pp65,NLVPMVATV,NA,NA,NA,NA,NA,NA,NA,NA,NA,"CC 0,01%",NA,NA,NA,"CC 0,182%",NA,NA,NA,NA,NA,NA,NA,"CC 0,14%","CC 1,04%",NA,NA,"BC 3.01%; CC 0,8%",NA,NA,NA,NA,NA,NA,NA,NA,"BC 2,7%",NA,NA,NA,"BC 0,65%",NA,"BC 4,77%; CC 1%","BC 2,143%; CC X%",NA,NA,NA,NA,"BC 0,275%","BC 4,7%; SD X%",NA,CC 0.5%; SD X%,NA,NA,NA,NA,NA,NA,NA,"BC 2,98%; CC 0.4%; BC 0.41%",NA,NA,NA,NA,NA,BC 0.04%; BC 0.03%,NA,BC 0.93%; CC 1.1%,"CC 0,1%",NA,NA,NA,NA,NA,NA,NA,NA,NA,NA,NA,NA,NA,CC 0.04%,NA,NA,NA,NA,NA,CC 0.06%,NA,NA,NA,NA,CC 0.04%,CC 0.05%,CC 0.02%,NA,NA,NA,NA,NA,NA,NA,NA,NA,NA,NA,NA,NA,NA,NA,NA,NA,NA,NA,NA,NA,NA,NA,NA,NA,NA,NA,NA,NA
V14,B07:02,CMV pp65,TPRVTGGGAM,NA,NA,NA,NA,NA,NA,NA,NA,NA,NA,NA,NA,NA,NA,NA,NA,NA,NA,NA,NA,NA,NA,NA,NA,NA,NA,NA,NA,"CC 0,06%",NA,NA,NA,NA,NA,NA,NA,NA,NA,NA,BC 0.06%,NA,NA,NA,NA,NA,NA,NA,NA,NA,NA,"BC 2,07%; CC 0.8%","BC 1,92%",NA,NA,NA,NA,NA,NA,NA,NA,NA,BC 0.55%; BC 2.59%,NA,NA,NA,NA,NA,NA,NA,"BC 1,57%",NA,NA,NA,NA,NA,NA,NA,"BC 0,09%; CC 1.5%",NA,CC 0.32%; SD X%,CC 0.41%,CC 1.08%,NA,NA,"CC 0.93%, 2,69% SD",NA,"BC 1,5%; CC 6.17%",NA,NA,"BC 0,23%; CC 1.21%",NA,SD 0.06%; CC 0.58%,NA,NA,NA,NA,NA,NA,NA,NA,NA,NA,NA,NA,NA,NA,NA,NA,NA,CC: 0.031%,NA,NA,NA,NA,NA,NA,NA,NA,NA,NA,NA,NA,NA
V15,A01:01,CMV pp50,VTEHDTLLY,NA,NA,NA,NA,NA,NA,NA,NA,"CC 0,25%",NA,NA,NA,NA,NA,NA,NA,SD 1.53%,NA,NA,NA,NA,"CC 0,44%","CC 21,13%",NA,NA,NA,NA,BC 59.62%,NA,NA,NA,NA,NA,NA,NA,"BC 0,6%; CC 0,7%",NA,NA,NA,NA,NA,NA,NA,"BC 7,645%","BC 9,038%; CC 4.5%",NA,"BC 7,56%",NA,NA,NA,"BC 1,52%; CC 0.15%",NA,NA,"BC 4,28%",NA,"BC 0,95%",NA,NA,BC 1.74%; BC 2.21%,NA,NA,NA,NA,NA,NA,NA,NA,NA,"BC 1,43%",NA,NA,NA,NA,NA,BC 0.37%; CC 2.74%; BC 1.56%,NA,BC 0.99%; CC 1.85%,NA,NA,NA,NA,CC 0.27%,NA,NA,"CC 0.22%, 1,33% SD",CC 0.57%,"BC 0,59%; CC 0.22%",NA,NA,NA,NA,NA,NA,NA,"BC 1,27%; CC 0.25%, CC: 4,59%",NA,NA,NA,NA,NA,NA,NA,NA,NA,NA,NA,NA,NA,CC: 0.84%,NA,CC: 0.18%,NA,NA,NA,NA,NA,NA,NA,NA,NA,NA,NA,NA
V16,A02:01,CMV BRLF1,YVLDHLIVV,CC 0.008%,NA,NA,"CC 0,16%",NA,NA,NA,NA,NA,NA,NA,NA,NA,NA,NA,NA,NA,NA,NA,CC 0.2%,NA,NA,NA,"CC 0,36%",NA,NA,NA,NA,NA,NA,NA,NA,NA,NA,NA,NA,"BC 0,01%",NA,"BC 0,04%",NA,NA,NA,"BC 0,25%; CC X%",NA,NA,NA,NA,NA,SD X%,CC 0.24%; SD 0.6%,NA,NA,NA,NA,NA,NA,NA,BC 2.66%; BC 0.09%,NA,BC 7.53%; CC 1.88%; BC 0.61%,NA,NA,NA,"BC 0,01%",NA,NA,NA,"BC 0,08%",NA,NA,CC 1.44%,NA,NA,NA,NA,NA,NA,NA,NA,NA,NA,NA,NA,NA,NA,NA,NA,NA,NA,NA,NA,SD 0.2%;,CC 0.03%,NA,NA,NA,NA,NA,NA,NA,NA,NA,CC: 0.08%,CC: 0.3%,NA,NA,CC:0.043%,NA,NA,NA,NA,NA,NA,NA,NA,NA,NA,NA,NA,NA,NA,NA,NA
V17,B08:01,EBV BZLF1,RAKFKQLL,NA,NA,NA,NA,NA,NA,NA,NA,NA,NA,CC 0.04%,"CC 0,0054%; SD 0,97%",NA,NA,"CC 0,67%",NA,SD 0.85%,NA,"BC 10,48%",NA,NA,"CC 3,44%",NA,NA,NA,NA,NA,"BC 3.3%; CC 1,47%",NA,CC 0.8%,"CC 0,1%",NA,NA,"BC 0,0041%",NA,"BC 0,41%; CC 0,4%",NA,NA,NA,NA,NA,NA,"BC 5,66%",NA,NA,NA,"BC 1,152%",NA,NA,NA,NA,NA,NA,NA,NA,NA,NA,NA,BC 0.85%; BC 0.30%,NA,BC 4.63%; BC 3.92%,NA,NA,NA,"BC 0,23%",NA,NA,NA,"BC 3,71%",NA,NA,BC 0.01%; BC 0.46%,NA,NA,"BC 0,07%",BC 0.47%; 0.53%,NA,NA,NA,CC 0.39%; SD X%,NA,NA,NA,NA,CC 0.13%,CC 0.09%,"BC 0,34%; CC 0.04%",NA,"BC 0,12%",CC 0.38%,"BC 0,3%; CC 0.22%",NA,NA,NA,"BC 1,11%; CC 0.01%, CC: 0.6%",NA,NA,NA,NA,NA,NA,NA,NA,NA,NA,NA,NA,NA,CC: 0.26%,NA,NA,CC: 1.38%,NA,CC; 0.35%,NA,NA,NA,NA,4.47754251148631,NA,NA,NA,NA
V18,A03:01,EBV EBNA3A,RLRAEAQVK,NA,NA,NA,NA,NA,NA,NA,NA,NA,NA,NA,NA,NA,NA,NA,NA,NA,NA,NA,NA,NA,NA,NA,NA,NA,NA,NA,NA,NA,NA,NA,NA,NA,NA,NA,NA,NA,NA,NA,NA,NA,NA,NA,NA,NA,NA,NA,NA,NA,NA,NA,NA,NA,NA,NA,NA,NA,NA,NA,NA,NA,NA,NA,NA,NA,"BC 0,02%",NA,NA,NA,NA,NA,NA,NA,NA,NA,NA,NA,NA,NA,NA,NA,NA,NA,NA,NA,NA,NA,NA,NA,NA,"CC 0.02%, SE 2.5%",NA,NA,NA,NA,NA,NA,NA,NA,NA,NA,NA,NA,NA,NA,CC: 0.03%,NA,NA,NA,NA,NA,NA,NA,NA,NA,NA,NA,NA,NA,NA,NA,NA,NA
V19,A01:01,FLU BP,VSDGGPNLY,CC 0.1%,NA,NA,NA,CC 0.01%,"CC 0,022%",NA,NA,"CC 0,08%",NA,NA,NA,NA,NA,NA,NA,SD 0.081%,"CC 0,08%","BC 3,34%, CC 0,00055%",NA,NA,NA,NA,NA,NA,NA,NA,NA,NA,NA,NA,NA,NA,"BC 0,0018%",NA,NA,NA,NA,NA,NA,NA,NA,BC <1% (nipagh),NA,NA,NA,NA,NA,NA,NA,NA,NA,NA,NA,NA,NA,NA,NA,NA,NA,NA,NA,NA,NA,"BC 0,45%",NA,NA,"BC 0,06%","BC 0,05%",NA,NA,NA,NA,NA,NA,NA,NA,NA,NA,NA,NA,NA,NA,NA,NA,NA,NA,NA,NA,NA,NA,NA,NA,NA,NA,NA,NA,NA,NA,NA,NA,NA,NA,NA,NA,NA,NA,NA,NA,NA,NA,NA,NA,NA,NA,NA,NA,NA,NA,NA,NA,NA,NA
V20,B07:02,CMV pp65,RPHERNGFTV,NA,NA,NA,NA,NA,NA,NA,NA,NA,NA,NA,NA,NA,NA,NA,NA,NA,NA,NA,NA,NA,NA,NA,NA,NA,NA,NA,NA,NA,NA,NA,NA,NA,NA,NA,NA,NA,NA,NA,NA,NA,NA,NA,NA,NA,NA,NA,NA,NA,NA,NA,NA,NA,NA,NA,NA,NA,NA,NA,NA,NA,NA,NA,NA,NA,NA,NA,NA,NA,NA,NA,NA,NA,NA,NA,NA,NA,NA,NA,NA,NA,NA,NA,NA,NA,NA,NA,NA,CC 0.02%,CC 0.03%,NA,NA,NA,NA,NA,NA,NA,NA,NA,NA,NA,NA,NA,NA,NA,NA,NA,NA,NA,NA,NA,NA,NA,NA,NA,NA,NA,NA,NA,NA,NA,NA,NA
V21,B07:02,EBV EBNA3,RPPIFIRLL,NA,NA,NA,NA,NA,NA,NA,NA,NA,NA,NA,NA,NA,NA,NA,NA,NA,NA,NA,NA,NA,NA,NA,NA,NA,NA,NA,NA,NA,NA,NA,NA,NA,NA,NA,NA,NA,NA,NA,NA,NA,NA,NA,NA,NA,NA,NA,NA,NA,NA,NA,NA,NA,NA,NA,NA,NA,NA,NA,NA,"BC 0,04%",NA,NA,NA,NA,NA,NA,NA,NA,NA,NA,NA,NA,NA,NA,NA,NA,NA,NA,NA,NA,NA,NA,NA,NA,NA,NA,NA,NA,NA,NA,NA,NA,NA,NA,NA,NA,NA,NA,NA,NA,NA,NA,NA,NA,NA,NA,NA,NA,NA,NA,NA,NA,NA,NA,NA,NA,NA,NA,NA,NA,NA,NA
V22,B08:01,CMV IE1,ELRRKMMYM,NA,NA,NA,NA,NA,NA,NA,NA,NA,NA,NA,NA,NA,NA,NA,NA,"CC 4,21%; SD 23%",NA,NA,NA,NA,NA,"CC 2,23%",NA,NA,NA,NA,"BC 1.4%; CC 0,72%",NA,"CC 0,4%",NA,NA,NA,NA,NA,"BC 1,31%; CC 1,7%",NA,NA,NA,NA,NA,NA,NA,NA,NA,NA,"BC 0,156%",NA,NA,NA,NA,NA,NA,NA,NA,NA,NA,NA,"BC 0,11%",NA,NA,NA,NA,NA,NA,NA,NA,NA,"BC 1,09%",NA,NA,NA,NA,"BC 0,09%",NA,NA,NA,NA,NA,NA,NA,NA,NA,NA,NA,NA,CC 0.07%,NA,"BC 0,12%",CC 0.03%,NA,NA,NA,NA,"BC 0,16%",NA,NA,NA,NA,NA,NA,NA,NA,NA,NA,NA,NA,NA,CC: 0.036%,NA,NA,NA,NA,NA,NA,NA,NA,NA,NA,NA,NA,NA,NA
V23,A03:01,CMV pp150,TVYPPSSTAK,NA,NA,NA,NA,NA,NA,NA,NA,NA,NA,NA,NA,NA,NA,NA,NA,NA,NA,NA,NA,NA,NA,NA,NA,NA,NA,NA,NA,NA,NA,NA,NA,NA,NA,NA,NA,NA,NA,NA,NA,NA,NA,NA,NA,NA,NA,NA,NA,NA,NA,NA,NA,NA,NA,NA,NA,NA,NA,NA,NA,NA,NA,NA,NA,NA,NA,NA,NA,NA,NA,NA,NA,NA,NA,NA,NA,NA,NA,NA,NA,NA,NA,NA,NA,NA,NA,NA,NA,NA,NA,CC 0.16%,NA,NA,NA,NA,NA,NA,NA,NA,NA,NA,NA,NA,NA,NA,NA,NA,NA,NA,NA,NA,NA,NA,NA,NA,NA,NA,NA,NA,NA,NA,NA,NA
V24,A02:01,CMV IE1,VLEETSVML,NA,NA,NA,NA,NA,NA,NA,NA,NA,CC 7% ?,NA,NA,NA,NA,NA,NA,NA,NA,NA,NA,NA,NA,NA,NA,NA,NA,NA,NA,NA,NA,NA,NA,NA,NA,"BC 0,58%",NA,NA,NA,"BC 0,08%",NA,NA,NA,NA,NA,NA,NA,NA,"BC 6,8%; SD X%",NA,NA,NA,NA,NA,NA,NA,NA,NA,NA,NA,NA,NA,"BC 0,55%",NA,NA,NA,NA,NA,NA,NA,"BC 3,77%",BC 0.03%,NA,NA,NA,NA,NA,BC 0.11%; CC 0%,NA,NA,NA,NA,NA,NA,NA,NA,NA,NA,NA,NA,NA,NA,NA,NA,NA,NA,NA,NA,NA,NA,NA,NA,NA,NA,NA,NA,NA,NA,NA,NA,NA,NA,NA,NA,NA,NA,NA,NA,NA,NA,NA,NA,NA,NA
V25,A03:01,EBV BRLF1 148-56,RVRAYTYSK,NA,NA,"CC 0,033%",NA,NA,NA,NA,NA,NA,NA,NA,NA,NA,NA,NA,"CC 0,25%",NA,NA,NA,NA,NA,NA,NA,NA,NA,NA,NA,NA,NA,NA,NA,NA,NA,NA,NA,NA,NA,NA,NA,NA,NA,NA,NA,NA,NA,NA,NA,NA,NA,NA,NA,NA,NA,NA,NA,NA,NA,NA,NA,NA,"BC 0,77%; SD X%",NA,NA,NA,NA,NA,NA,NA,NA,NA,NA,NA,NA,NA,NA,"BC 0,01%",NA,NA,NA,NA,NA,NA,NA,NA,NA,NA,NA,CC 0.02%,NA,NA,NA,NA,NA,NA,NA,NA,NA,NA,NA,NA,NA,NA,NA,NA,NA,NA,NA,NA,NA,NA,NA,NA,NA,NA,NA,NA,NA,NA,NA,NA,NA,NA,NA
V26,A11:01,EBV EBNA4,AVFDRKSDAK,NA,NA,NA,"CC 0,5%",NA,NA,NA,NA,NA,NA,NA,NA,"CC 0,0032%; 0,161%",NA,"CC 0,37%",NA,NA,NA,NA,NA,NA,NA,NA,NA,NA,NA,NA,NA,NA,NA,NA,NA,NA,NA,NA,NA,NA,"BC 0,1%",NA,NA,NA,NA,NA,NA,NA,NA,NA,NA,NA,NA,NA,NA,NA,NA,"BC 2,7%",NA,NA,"0,04%",NA,NA,NA,NA,BC 1.33%; BC 0.36%; BC 0.26%,NA,NA,NA,NA,NA,NA,NA,NA,NA,NA,NA,NA,NA,NA,"CC 0.22%, SE 1.2%",NA,NA,NA,NA,NA,NA,NA,NA,NA,NA,NA,NA,NA,NA,NA,NA,NA,CC 0.16%; SD X%,NA,NA,NA,NA,NA,NA,NA,NA,NA,NA,NA,NA,NA,NA,NA,NA,NA,NA,NA,NA,NA,NA,NA,NA,NA,NA,NA
V27,A11:01,HCMV pp65,GPISGHVLK,NA,NA,NA,NA,NA,NA,NA,NA,NA,NA,NA,NA,NA,NA,NA,NA,NA,NA,NA,NA,NA,NA,NA,NA,NA,NA,NA,NA,NA,NA,NA,NA,NA,NA,NA,NA,NA,NA,NA,NA,NA,NA,NA,NA,NA,NA,NA,NA,NA,NA,NA,NA,NA,NA,NA,NA,NA,NA,NA,NA,NA,NA,NA,NA,NA,NA,NA,NA,NA,NA,NA,NA,NA,NA,NA,NA,NA,NA,NA,NA,NA,NA,NA,NA,NA,NA,NA,NA,NA,NA,NA,NA,NA,NA,NA,NA,NA,NA,NA,NA,NA,NA,NA,NA,NA,NA,NA,NA,NA,NA,NA,NA,NA,NA,NA,NA,NA,NA,NA,NA,NA,NA,NA
V28,B44:02,EBV EBNA3C,EENLLDFVRF,NA,NA,NA,NA,NA,NA,NA,NA,NA,NA,NA,NA,NA,NA,NA,NA,NA,NA,NA,NA,NA,NA,NA,NA,NA,NA,BC 24.67%; CC 1.1%,NA,NA,NA,NA,NA,NA,NA,NA,NA,NA,NA,NA,NA,NA,NA,NA,NA,NA,NA,NA,NA,NA,NA,NA,NA,NA,NA,NA,NA,NA,NA,NA,NA,NA,NA,NA,NA,NA,NA,NA,NA,NA,NA,NA,NA,NA,NA,NA,NA,NA,NA,NA,NA,NA,NA,NA,NA,NA,NA,NA,NA,NA,NA,NA,NA,NA,NA,NA,NA,NA,NA,NA,NA,NA,NA,NA,NA,NA,NA,NA,NA,NA,NA,NA,NA,NA,NA,NA,NA,NA,NA,NA,NA,NA,NA,NA
V29,B44:02,CMV pp65,EFFWDANDI,NA,NA,NA,NA,NA,NA,NA,NA,NA,NA,NA,NA,NA,NA,NA,NA,NA,NA,NA,NA,NA,NA,NA,NA,NA,NA,NA,NA,NA,NA,NA,NA,NA,NA,NA,NA,NA,NA,NA,NA,NA,NA,NA,NA,NA,NA,NA,NA,NA,NA,NA,NA,NA,NA,NA,NA,NA,NA,NA,NA,NA,NA,NA,NA,NA,NA,NA,NA,NA,NA,NA,NA,"BC 0,04%",NA,NA,NA,NA,NA,NA,NA,NA,NA,NA,NA,NA,NA,NA,NA,NA,NA,NA,NA,NA,NA,NA,NA,NA,NA,NA,NA,NA,NA,NA,NA,NA,NA,NA,NA,NA,NA,NA,NA,NA,NA,NA,NA,NA,NA,NA,NA,NA,NA,NA
V30,B08:01,EBV EBNA3A,QAKWRLQTL,NA,NA,NA,NA,NA,NA,NA,NA,NA,NA,NA,NA,NA,NA,NA,NA,NA,NA,"BC 0,09%; CC 0,00094%",NA,NA,"CC 0,09%",NA,NA,NA,NA,NA,BC 0.86%; CC 0.9%,NA,"CC 0,10%","CC 0,1%",NA,NA,"BC 0,0006%",NA,NA,NA,NA,NA,NA,NA,NA,NA,NA,NA,NA,"BC 0,075%",NA,NA,NA,NA,NA,NA,NA,NA,NA,NA,NA,NA,NA,"BC 0,1%",NA,NA,NA,NA,NA,NA,NA,"BC 0,03%",NA,NA,NA,NA,NA,"BC 0,13%",NA,NA,NA,NA,NA,NA,NA,NA,NA,NA,NA,NA,NA,"BC 0,07%",NA,"BC 0,05%",NA,NA,NA,"BC 0,09%, CC:0.021",NA,NA,NA,NA,NA,NA,NA,NA,NA,NA,NA,NA,NA,NA,NA,NA,NA,NA,NA,NA,NA,NA,NA,NA,NA,NA,NA,NA
V31,B08:01,EBV EBNA3A,FLRGRAYGL,NA,NA,NA,NA,NA,NA,NA,NA,NA,NA,NA,NA,NA,NA,NA,NA,"CC 0,19%",NA,"BC 8%; CC 2,49%",NA,NA,"CC 0,31%",NA,NA,NA,NA,NA,"BC 0.89%; CC 0,32%",NA,NA,"CC 0,1%",NA,NA,"BC 0,0035%",NA,NA,NA,NA,NA,NA,NA,NA,"BC 0,33% (nipagh",NA,NA,NA,"BC 0,234%",NA,NA,NA,NA,NA,NA,NA,NA,NA,NA,NA,"BC 0,34%",NA,"BC 0,6%",NA,NA,NA,"BC 0,08%",NA,NA,NA,NA,NA,NA,NA,NA,NA,BC 0.42%; BC 0.67%,BC 0.07%; 0.05%,NA,NA,NA,NA,NA,NA,NA,NA,NA,NA,NA,NA,"BC 0,09%",NA,"BC 0,08%",NA,NA,NA,"BC 0,19%, CC: 0.029",NA,NA,NA,NA,NA,NA,NA,NA,NA,NA,NA,NA,NA,NA,NA,NA,NA,NA,NA,NA,NA,NA,NA,NA,NA,NA,NA,NA
V32,B35:01,FLU Matrix,ASCMGLIY,NA,NA,NA,NA,NA,NA,NA,NA,NA,NA,NA,NA,NA,NA,NA,NA,NA,NA,NA,NA,NA,NA,NA,NA,NA,CC 0.35%,NA,NA,NA,NA,NA,NA,NA,NA,NA,NA,NA,NA,NA,NA,NA,NA,NA,NA,NA,NA,NA,NA,NA,NA,NA,NA,NA,NA,NA,NA,NA,NA,NA,NA,NA,NA,NA,NA,NA,NA,NA,NA,NA,NA,NA,NA,NA,NA,NA,NA,NA,NA,NA,NA,NA,NA,NA,NA,NA,NA,NA,NA,NA,NA,NA,NA,NA,NA,NA,NA,NA,NA,NA,NA,NA,NA,NA,NA,NA,NA,NA,NA,NA,NA,NA,NA,NA,NA,NA,NA,NA,NA,NA,NA,NA,NA,NA
V33,B35:01,EBV EBNA3B,AVLLHEESM,NA,NA,NA,NA,NA,NA,NA,NA,NA,NA,NA,NA,NA,NA,NA,NA,NA,NA,NA,NA,NA,NA,NA,NA,NA,NA,NA,NA,NA,NA,NA,NA,NA,NA,NA,NA,NA,NA,NA,NA,NA,NA,NA,NA,NA,NA,NA,NA,NA,NA,NA,NA,NA,NA,NA,NA,NA,NA,NA,NA,NA,NA,NA,NA,NA,NA,NA,NA,NA,NA,NA,NA,NA,NA,NA,NA,NA,NA,NA,NA,NA,NA,NA,NA,NA,NA,NA,NA,NA,NA,NA,NA,NA,NA,NA,NA,NA,NA,NA,NA,NA,NA,NA,NA,NA,NA,NA,NA,NA,NA,NA,NA,NA,NA,NA,NA,NA,NA,NA,NA,NA,NA,NA
V34,B35:01,EBV BZLF1,APENAYQAY,NA,NA,NA,NA,NA,NA,NA,NA,NA,NA,NA,NA,NA,NA,NA,NA,NA,NA,NA,NA,NA,NA,NA,NA,NA,NA,NA,NA,NA,NA,NA,NA,NA,NA,NA,NA,NA,NA,NA,NA,NA,NA,NA,NA,NA,NA,NA,NA,NA,NA,NA,NA,NA,NA,NA,NA,NA,NA,NA,NA,NA,NA,NA,NA,NA,NA,NA,NA,NA,NA,NA,NA,NA,NA,NA,NA,NA,NA,NA,NA,NA,NA,NA,NA,NA,NA,NA,NA,NA,NA,NA,NA,NA,NA,NA,NA,NA,NA,NA,NA,NA,NA,NA,NA,NA,NA,NA,NA,NA,NA,NA,NA,NA,NA,NA,NA,NA,NA,NA,NA,NA,NA,NA
V35,B35:01,CMV pp65,IPSINVHHY,NA,NA,NA,NA,NA,NA,NA,NA,NA,NA,NA,NA,NA,NA,NA,NA,NA,NA,NA,NA,(CC 0.18%),NA,NA,NA,NA,NA,NA,NA,NA,NA,NA,"BC 1,96%",NA,NA,NA,NA,NA,"BC 0,29%",NA,NA,NA,NA,NA,NA,NA,NA,NA,NA,NA,NA,NA,NA,NA,NA,NA,NA,NA,NA,NA,NA,NA,NA,NA,NA,NA,NA,NA,NA,NA,NA,NA,NA,NA,NA,NA,NA,NA,NA,NA,NA,NA,NA,NA,NA,NA,NA,NA,NA,NA,NA,NA,NA,NA,NA,NA,NA,NA,NA,NA,NA,NA,NA,NA,NA,NA,NA,NA,NA,NA,NA,NA,NA,NA,NA,NA,NA,NA,NA,NA,NA,NA,NA,NA
V36,B15:01,EBV EBNA3C,QNGALAINTF,NA,NA,NA,NA,NA,NA,NA,NA,NA,NA,NA,NA,NA,NA,NA,NA,NA,NA,NA,NA,NA,NA,NA,NA,NA,NA,NA,NA,NA,NA,NA,NA,NA,NA,NA,NA,NA,NA,NA,NA,NA,NA,NA,NA,NA,NA,NA,NA,NA,NA,NA,NA,NA,NA,NA,NA,NA,NA,NA,NA,NA,NA,NA,NA,NA,NA,NA,NA,NA,NA,NA,NA,NA,NA,NA,NA,NA,NA,NA,NA,NA,NA,NA,NA,NA,NA,NA,NA,NA,NA,NA,NA,NA,NA,NA,NA,NA,NA,NA,NA,NA,NA,NA,NA,NA,NA,NA,NA,NA,NA,NA,NA,NA,NA,NA,NA,NA,NA,NA,NA,NA,NA,NA
V37,B15:01,EBV EBNA3A,LEKARGSTY,NA,NA,NA,NA,NA,NA,NA,NA,NA,NA,NA,NA,NA,NA,NA,NA,NA,NA,NA,NA,NA,NA,NA,NA,NA,NA,NA,NA,NA,NA,NA,NA,NA,NA,NA,NA,NA,NA,NA,NA,NA,NA,NA,NA,NA,"BC 1,494%",NA,NA,NA,NA,NA,NA,NA,NA,NA,NA,NA,NA,NA,NA,NA,NA,NA,NA,NA,NA,NA,NA,NA,NA,NA,NA,NA,NA,NA,NA,NA,NA,NA,NA,NA,NA,NA,NA,NA,NA,NA,NA,NA,NA,NA,NA,NA,NA,NA,NA,NA,NA,NA,NA,NA,NA,NA,NA,NA,NA,NA,NA,NA,NA,NA,NA,NA,NA,NA,NA,NA,NA,NA,NA,NA,NA,NA
V38,B15:01,FLU Polymerase PB1,TQIQTRRSF,NA,NA,NA,NA,NA,NA,NA,NA,NA,NA,NA,NA,NA,NA,NA,NA,NA,NA,NA,NA,NA,NA,NA,NA,NA,NA,NA,NA,NA,NA,NA,NA,NA,NA,NA,NA,NA,NA,NA,NA,NA,NA,NA,NA,NA,NA,NA,"BC 0,46%",NA,NA,NA,NA,NA,NA,NA,NA,NA,NA,NA,NA,NA,NA,NA,NA,NA,NA,NA,NA,NA,NA,NA,NA,NA,NA,NA,NA,NA,NA,NA,NA,NA,NA,NA,NA,NA,NA,NA,NA,NA,NA,NA,NA,NA,NA,NA,NA,NA,NA,NA,NA,NA,NA,NA,NA,NA,NA,NA,NA,NA,NA,NA,NA,NA,NA,NA,NA,NA,NA,2.83454675462519,4.37338852016558,NA,NA,NA
V39,B15:01,FLU Polymerase PB1,KMARLGKGY,NA,NA,NA,NA,NA,NA,NA,NA,NA,NA,NA,NA,NA,NA,NA,NA,NA,NA,NA,NA,NA,NA,NA,NA,NA,NA,NA,NA,NA,NA,NA,NA,NA,NA,NA,NA,NA,NA,NA,NA,NA,NA,NA,NA,NA,NA,NA,NA,NA,NA,NA,NA,NA,NA,NA,NA,NA,NA,NA,NA,NA,NA,NA,NA,NA,NA,NA,NA,NA,NA,NA,NA,NA,NA,NA,NA,NA,NA,NA,NA,NA,NA,NA,NA,NA,NA,NA,NA,NA,NA,NA,NA,NA,NA,NA,NA,NA,NA,NA,NA,NA,NA,NA,NA,NA,NA,NA,NA,NA,NA,NA,NA,NA,NA,NA,NA,NA,NA,NA,NA,NA,NA,NA
V40,B15:01,EBV EBNA3B,GQGGSPTAM,NA,NA,NA,NA,NA,NA,NA,NA,NA,NA,NA,NA,NA,NA,NA,NA,NA,NA,NA,NA,NA,NA,NA,NA,NA,NA,NA,NA,NA,NA,NA,NA,NA,NA,NA,NA,NA,NA,NA,NA,NA,NA,NA,NA,NA,NA,NA,NA,NA,NA,NA,NA,NA,NA,NA,NA,NA,NA,NA,NA,NA,NA,NA,NA,NA,NA,"BC 0,39%, SE 10.1%",NA,NA,NA,NA,NA,NA,NA,NA,NA,NA,NA,NA,NA,NA,NA,NA,NA,NA,NA,NA,NA,NA,NA,NA,NA,NA,NA,NA,NA,NA,NA,NA,NA,NA,NA,CC: 0.076%,NA,NA,NA,NA,NA,NA,NA,NA,NA,NA,NA,NA,NA,NA,NA,NA,NA,NA,NA,NA
V41,A02:01,HIV Pol,ILKEPVHGV,NA,NA,NA,NA,NA,NA,NA,NA,NA,NA,NA,NA,NA,NA,NA,NA,NA,NA,NA,NA,NA,NA,NA,NA,NA,NA,NA,NA,NA,NA,NA,NA,NA,NA,NA,NA,NA,NA,NA,NA,NA,NA,NA,NA,NA,NA,NA,NA,NA,NA,NA,NA,NA,NA,NA,NA,NA,NA,NA,NA,NA,NA,NA,NA,NA,NA,NA,NA,NA,NA,NA,NA,NA,NA,NA,NA,NA,NA,NA,NA,NA,NA,NA,NA,NA,NA,NA,NA,NA,NA,NA,NA,NA,NA,NA,NA,NA,NA,NA,NA,NA,NA,NA,NA,NA,NA,NA,NA,NA,NA,NA,NA,NA,NA,NA,NA,NA,NA,NA,NA,NA,NA,NA
NA,NA,NA,NA,NA,NA,NA,NA,NA,NA,NA,NA,NA,NA,NA,NA,NA,NA,NA,NA,NA,NA,NA,NA,NA,NA,NA,NA,NA,NA,NA,NA,NA,NA,NA,NA,NA,NA,NA,NA,NA,NA,NA,NA,NA,NA,NA,NA,NA,NA,NA,NA,NA,NA,NA,NA,NA,NA,NA,NA,NA,NA,NA,NA,NA,NA,NA,NA,NA,NA,NA,NA,NA,NA,NA,NA,NA,NA,NA,NA,NA,NA,NA,NA,NA,NA,NA,NA,NA,NA,NA,NA,NA,NA,NA,NA,NA,NA,NA,NA,NA,NA,NA,NA,NA,NA,NA,NA,NA,NA,NA,NA,NA,NA,NA,NA,NA,NA,NA,NA,NA,NA,NA,NA,NA,NA,NA
NA,NA,NA,NA,NA,NA,NA,NA,NA,NA,NA,NA,NA,NA,NA,NA,NA,NA,NA,NA,NA,NA,NA,NA,NA,NA,NA,NA,NA,NA,NA,NA,NA,NA,NA,NA,NA,NA,NA,NA,NA,NA,NA,NA,NA,NA,NA,NA,NA,NA,NA,NA,NA,NA,NA,NA,NA,NA,NA,NA,NA,NA,NA,NA,NA,NA,NA,NA,NA,NA,NA,NA,NA,NA,NA,NA,NA,NA,NA,NA,NA,NA,NA,NA,NA,NA,NA,NA,NA,NA,NA,NA,NA,NA,NA,NA,NA,NA,NA,NA,NA,NA,NA,NA,NA,NA,NA,NA,NA,NA,NA,NA,NA,NA,NA,NA,NA,NA,NA,NA,NA,NA,NA,NA,NA,NA,NA
NA,NA,NA,NA,NA,NA,NA,NA,NA,NA,NA,NA,NA,NA,NA,NA,NA,NA,NA,NA,NA,NA,NA,NA,NA,NA,NA,NA,NA,NA,NA,NA,NA,NA,NA,NA,NA,NA,NA,NA,NA,NA,NA,NA,NA,NA,NA,NA,NA,NA,NA,NA,NA,NA,NA,NA,NA,NA,NA,NA,NA,NA,NA,NA,NA,NA,NA,NA,NA,NA,NA,NA,NA,NA,NA,NA,NA,NA,NA,NA,NA,NA,NA,NA,NA,NA,NA,NA,NA,NA,NA,NA,NA,NA,NA,NA,NA,NA,NA,NA,NA,NA,NA,NA,NA,NA,NA,NA,NA,NA,NA,NA,NA,NA,NA,NA,NA,NA,NA,NA,NA,NA,NA,NA,NA,NA,NA
NA,NA,NA,NA,NA,NA,NA,NA,NA,NA,NA,NA,NA,NA,NA,NA,NA,NA,NA,NA,NA,NA,NA,NA,NA,NA,NA,NA,NA,NA,NA,NA,NA,NA,NA,NA,NA,NA,NA,NA,NA,NA,NA,NA,NA,NA,NA,NA,NA,NA,NA,NA,NA,NA,NA,NA,NA,NA,NA,NA,NA,NA,NA,NA,NA,NA,NA,NA,NA,NA,NA,NA,NA,NA,NA,NA,NA,NA,NA,NA,NA,NA,NA,NA,NA,NA,NA,NA,NA,NA,NA,NA,NA,NA,NA,NA,NA,NA,NA,NA,NA,NA,NA,NA,NA,NA,NA,NA,NA,NA,NA,NA,NA,NA,NA,NA,NA,NA,NA,NA,NA,NA,NA,NA,NA,NA,NA
NA,NA,NA,NA,NA,NA,NA,NA,NA,NA,NA,NA,NA,NA,NA,NA,NA,NA,NA,NA,NA,NA,NA,NA,NA,NA,NA,NA,NA,NA,NA,NA,NA,NA,NA,NA,NA,NA,NA,NA,NA,NA,NA,NA,NA,NA,NA,NA,NA,NA,NA,NA,NA,NA,NA,NA,NA,NA,NA,NA,NA,NA,NA,NA,NA,NA,NA,NA,NA,NA,NA,NA,NA,NA,NA,NA,NA,NA,NA,NA,NA,NA,NA,NA,NA,NA,NA,NA,NA,NA,NA,NA,NA,NA,NA,NA,NA,NA,NA,NA,NA,NA,NA,NA,NA,NA,NA,NA,NA,NA,NA,NA,NA,NA,NA,NA,NA,NA,NA,NA,NA,NA,NA,NA,NA,NA,NA
NA,NA,NA,NA,NA,NA,NA,NA,NA,NA,NA,NA,NA,NA,NA,NA,NA,NA,NA,NA,NA,NA,NA,NA,NA,NA,NA,NA,NA,NA,NA,NA,NA,NA,NA,NA,NA,NA,NA,NA,NA,NA,NA,NA,NA,NA,NA,NA,NA,NA,NA,NA,NA,NA,NA,NA,NA,NA,NA,NA,NA,NA,NA,NA,NA,NA,NA,NA,NA,NA,NA,NA,NA,NA,NA,NA,NA,NA,NA,NA,NA,NA,NA,NA,NA,NA,NA,NA,NA,NA,NA,NA,NA,NA,NA,NA,NA,NA,NA,NA,NA,NA,NA,NA,NA,NA,NA,NA,NA,NA,NA,NA,NA,NA,NA,NA,NA,NA,NA,NA,NA,NA,NA,NA,NA,NA,NA
